place,x_m,y_m,latitude,longitude
Library,0,0,12.9,77.5
Canteen,120,40,12.900359,77.501106
Main Gate,-200,-150,12.898653,77.498157
Bus Stop,-250,-180,12.898383,77.497696
CS Block,80,-110,12.899012,77.500737
ECE Block,150,-90,12.899192,77.501382
Mechanical Block,260,-200,12.898203,77.502396
Auditorium,-60,160,12.901437,77.499447
Playground,-180,220,12.901976,77.498341
Boys Hostel,400,300,12.902695,77.503686
Girls Hostel,350,-300,12.897305,77.503225
Parking Lot,-120,-60,12.899461,77.498894
Admin Block,-20,-200,12.898203,77.499816
Gym,200,200,12.901797,77.501843
Stationery Shop,30,-60,12.899461,77.500276
Security Desk,-20,-190,12.898293,77.499816
"Siddhartha Institute of Engineering and Technology, Ibrahimpatnam, Hyderabad, Telangana",0,0,17.1883,78.6475
