lost_id,found_id,item_id,split
L0001,F0001,I0001,train
L0002,F0003,I0003,test
L0004,F0004,I0005,train
L0005,F0005,I0006,train
L0006,F0007,I0008,val
L0007,F0008,I0009,test
L0008,F0010,I0011,train
L0009,F0011,I0012,train
L0010,F0012,I0013,train
L0011,F0013,I0014,train
L0012,F0014,I0015,train
L0013,F0015,I0016,train
L0014,F0017,I0018,train
L0015,F0018,I0019,train
L0017,F0020,I0022,train
L0018,F0022,I0024,train
L0019,F0024,I0026,train
L0020,F0025,I0027,train
L0021,F0026,I0028,train
L0022,F0027,I0029,train
L0023,F0028,I0030,train
L0024,F0030,I0032,train
L0026,F0031,I0034,val
L0028,F0032,I0036,train
L0029,F0033,I0037,test
L0030,F0035,I0039,train
L0031,F0037,I0041,train
L0033,F0038,I0043,train
L0034,F0039,I0044,test
L0035,F0041,I0046,train
L0036,F0042,I0047,train
L0037,F0043,I0048,test
L0038,F0044,I0049,train
L0039,F0045,I0050,train
L0040,F0046,I0051,train
L0042,F0048,I0054,train
L0043,F0049,I0055,train
L0044,F0050,I0056,train
L0045,F0051,I0057,train
L0046,F0052,I0058,train
L0047,F0053,I0059,train
L0049,F0054,I0061,train
L0050,F0056,I0063,val
L0052,F0057,I0065,train
L0053,F0058,I0066,train
L0055,F0059,I0068,test
L0056,F0060,I0069,test
L0057,F0061,I0070,val
L0059,F0062,I0072,test
L0062,F0064,I0076,train
L0063,F0065,I0077,train
L0064,F0066,I0078,train
L0065,F0068,I0080,val
L0067,F0069,I0082,train
L0068,F0070,I0083,train
L0069,F0071,I0084,train
L0070,F0073,I0086,train
L0071,F0074,I0087,train
L0072,F0075,I0088,train
L0073,F0076,I0089,train
L0074,F0077,I0090,train
L0076,F0078,I0092,train
L0077,F0079,I0093,train
L0078,F0080,I0094,test
L0079,F0081,I0095,train
L0080,F0082,I0096,train
L0081,F0084,I0098,train
L0083,F0085,I0100,train
L0085,F0087,I0103,val
L0086,F0088,I0104,train
L0087,F0089,I0105,val
L0088,F0091,I0107,train
L0089,F0092,I0108,test
L0090,F0093,I0109,val
L0091,F0094,I0110,train
L0092,F0095,I0111,train
L0093,F0097,I0113,train
L0094,F0098,I0114,test
L0095,F0099,I0115,test
L0096,F0101,I0117,train
L0097,F0102,I0118,train
L0098,F0103,I0119,train
L0099,F0104,I0120,train
L0100,F0105,I0121,train
L0101,F0106,I0122,val
L0102,F0107,I0123,train
L0103,F0108,I0124,train
L0104,F0109,I0125,test
L0105,F0111,I0127,test
L0106,F0112,I0128,test
L0107,F0113,I0129,train
L0108,F0114,I0130,train
L0109,F0115,I0131,test
L0110,F0116,I0132,train
L0111,F0118,I0134,train
L0113,F0119,I0136,test
L0114,F0121,I0138,train
L0115,F0123,I0140,train
L0116,F0124,I0141,train
L0117,F0125,I0142,train
L0118,F0126,I0143,train
L0120,F0129,I0147,train
L0122,F0133,I0152,val
L0123,F0134,I0153,train
L0124,F0135,I0154,train
L0125,F0136,I0155,test
L0126,F0137,I0156,val
L0127,F0138,I0157,val
L0128,F0140,I0159,train
L0129,F0141,I0160,train
L0130,F0142,I0161,train
L0131,F0144,I0163,val
L0132,F0145,I0164,val
L0133,F0146,I0165,train
L0134,F0147,I0166,train
L0137,F0148,I0169,train
L0138,F0149,I0170,val
L0140,F0150,I0172,train
L0141,F0151,I0173,train
L0143,F0152,I0175,val
L0144,F0153,I0176,val
L0145,F0154,I0177,train
L0146,F0155,I0178,train
L0147,F0156,I0179,train
L0148,F0157,I0180,train
L0149,F0158,I0181,train
L0150,F0159,I0182,train
L0151,F0160,I0183,train
L0152,F0161,I0184,train
L0154,F0162,I0186,train
L0155,F0163,I0187,train
L0156,F0164,I0188,train
L0157,F0165,I0189,val
L0158,F0166,I0190,val
L0159,F0167,I0191,test
L0160,F0168,I0192,train
L0161,F0169,I0193,test
L0162,F0170,I0194,test
L0164,F0172,I0197,train
L0167,F0174,I0201,test
L0168,F0175,I0202,test
L0169,F0176,I0203,train
L0170,F0177,I0204,train
L0171,F0178,I0205,train
L0172,F0179,I0206,train
L0173,F0180,I0207,train
L0174,F0181,I0208,train
L0176,F0182,I0210,train
L0178,F0183,I0212,test
L0179,F0184,I0213,train
L0180,F0185,I0214,train
L0181,F0186,I0215,val
L0182,F0187,I0216,train
L0184,F0188,I0218,train
L0185,F0189,I0219,train
L0186,F0190,I0220,train
L0187,F0191,I0221,train
L0188,F0192,I0222,test
L0189,F0193,I0223,val
L0190,F0195,I0225,train
L0191,F0196,I0226,train
L0192,F0197,I0227,train
L0193,F0198,I0228,train
L0194,F0199,I0229,train
L0195,F0200,I0230,train
L0196,F0201,I0231,val
L0197,F0202,I0232,train
L0198,F0203,I0233,train
L0200,F0204,I0235,train
L0201,F0205,I0236,train
L0202,F0206,I0237,train
L0203,F0207,I0238,val
L0204,F0208,I0239,train
L0205,F0209,I0240,train
L0207,F0210,I0242,val
L0208,F0211,I0243,train
L0209,F0213,I0245,train
L0210,F0214,I0246,test
L0211,F0215,I0247,train
L0212,F0216,I0248,train
L0213,F0217,I0249,train
L0214,F0219,I0251,train
L0215,F0220,I0252,train
L0216,F0221,I0253,val
L0217,F0222,I0254,val
L0219,F0223,I0256,val
L0220,F0224,I0257,val
L0221,F0225,I0258,train
L0222,F0226,I0259,train
L0223,F0227,I0260,test
L0224,F0228,I0261,train
L0225,F0229,I0262,train
L0226,F0230,I0263,test
L0227,F0231,I0264,train
L0228,F0232,I0265,train
L0230,F0233,I0267,test
L0231,F0234,I0268,train
L0232,F0235,I0269,val
L0233,F0236,I0270,val
L0234,F0238,I0272,train
L0235,F0239,I0273,train
L0236,F0240,I0274,train
L0237,F0241,I0275,train
L0238,F0243,I0277,train
L0239,F0244,I0278,train
L0240,F0245,I0279,train
L0241,F0246,I0280,train
L0242,F0247,I0281,train
L0243,F0248,I0282,test
L0244,F0249,I0283,train
L0245,F0250,I0284,test
L0246,F0251,I0285,train
L0247,F0252,I0286,train
L0248,F0253,I0287,val
L0250,F0254,I0289,test
L0251,F0255,I0290,test
L0252,F0256,I0291,test
L0253,F0257,I0292,test
L0254,F0258,I0293,train
L0255,F0259,I0294,test
L0256,F0260,I0295,test
L0257,F0261,I0296,train
L0258,F0262,I0297,train
L0259,F0264,I0299,train
L0260,F0265,I0300,train
L0261,F0266,I0301,train
L0262,F0267,I0302,train
L0264,F0268,I0304,train
L0265,F0269,I0305,test
L0266,F0270,I0306,train
L0267,F0271,I0307,train
L0269,F0273,I0310,train
L0270,F0274,I0311,train
L0271,F0275,I0312,train
L0272,F0276,I0313,val
L0273,F0277,I0314,val
L0274,F0278,I0315,train
L0275,F0279,I0316,val
L0276,F0280,I0317,train
L0277,F0281,I0318,train
L0278,F0282,I0319,train
L0280,F0285,I0323,val
L0281,F0286,I0324,train
L0283,F0287,I0326,train
L0284,F0288,I0327,test
L0285,F0289,I0328,train
L0286,F0290,I0329,val
L0287,F0291,I0330,val
L0289,F0292,I0332,train
L0290,F0293,I0333,train
L0291,F0295,I0335,test
L0292,F0297,I0337,train
L0294,F0298,I0339,train
L0296,F0299,I0341,train
L0297,F0300,I0342,test
L0298,F0301,I0343,test
L0299,F0302,I0344,test
L0300,F0303,I0345,train
L0301,F0304,I0346,train
L0302,F0306,I0348,train
L0303,F0307,I0349,train
L0304,F0309,I0351,train
L0305,F0310,I0352,test
L0306,F0311,I0353,test
L0307,F0312,I0354,train
L0308,F0313,I0355,train
L0309,F0314,I0356,train
L0310,F0315,I0357,train
L0311,F0316,I0358,train
L0312,F0317,I0359,train
L0313,F0318,I0360,train
L0314,F0319,I0361,train
L0316,F0320,I0363,train
L0317,F0321,I0364,train
L0318,F0322,I0365,train
L0320,F0323,I0367,train
L0322,F0324,I0369,train
L0323,F0325,I0370,train
L0324,F0326,I0371,test
L0325,F0327,I0372,test
L0326,F0330,I0375,val
L0327,F0331,I0376,train
L0328,F0332,I0377,train
L0329,F0333,I0378,train
L0331,F0334,I0380,train
L0332,F0335,I0381,train
L0333,F0336,I0382,val
L0334,F0337,I0383,test
L0335,F0338,I0384,train
L0336,F0339,I0385,train
L0338,F0341,I0388,train
L0339,F0342,I0389,train
L0340,F0343,I0390,train
L0341,F0344,I0391,train
L0342,F0345,I0392,test
L0344,F0346,I0394,train
L0345,F0347,I0395,train
L0346,F0348,I0396,val
L0347,F0349,I0397,train
L0348,F0350,I0398,train
L0349,F0351,I0399,train
L0350,F0352,I0400,train
L0351,F0353,I0401,train
L0352,F0354,I0402,val
L0353,F0355,I0403,val
L0354,F0356,I0404,train
L0355,F0357,I0405,val
L0357,F0358,I0407,train
L0358,F0359,I0408,train
L0359,F0360,I0409,train
L0360,F0361,I0410,train
L0361,F0362,I0411,train
L0362,F0363,I0412,val
L0363,F0364,I0413,val
L0364,F0365,I0414,train
L0365,F0366,I0415,test
L0366,F0367,I0416,train
L0368,F0369,I0419,val
L0369,F0370,I0420,val
L0370,F0371,I0421,train
L0371,F0372,I0422,train
L0372,F0373,I0423,test
L0373,F0374,I0424,train
L0375,F0375,I0426,train
L0376,F0376,I0427,train
L0377,F0377,I0428,val
L0378,F0378,I0429,val
L0379,F0379,I0430,val
L0381,F0380,I0432,train
L0382,F0381,I0433,test
L0383,F0385,I0437,train
L0384,F0386,I0438,train
L0385,F0388,I0440,test
L0386,F0389,I0441,train
L0387,F0390,I0442,train
L0388,F0391,I0443,train
L0389,F0392,I0444,train
L0390,F0394,I0446,train
L0391,F0395,I0447,train
L0392,F0396,I0448,train
L0393,F0397,I0449,train
L0394,F0399,I0451,train
L0395,F0400,I0452,train
L0397,F0401,I0454,train
L0399,F0402,I0456,train
L0402,F0403,I0459,val
L0403,F0404,I0460,val
L0404,F0405,I0461,val
L0407,F0407,I0465,train
L0408,F0408,I0466,train
L0409,F0409,I0467,train
L0410,F0410,I0468,train
L0411,F0411,I0469,val
L0413,F0412,I0471,train
L0414,F0413,I0472,train
L0415,F0414,I0473,train
L0417,F0415,I0475,test
L0419,F0417,I0478,train
L0420,F0418,I0479,train
L0421,F0419,I0480,train
L0422,F0420,I0481,train
L0423,F0422,I0483,train
L0424,F0424,I0485,train
L0425,F0425,I0486,train
L0427,F0426,I0488,test
L0428,F0427,I0489,train
L0429,F0428,I0490,test
L0430,F0430,I0492,test
L0431,F0431,I0493,test
L0432,F0432,I0494,val
L0433,F0434,I0496,train
L0434,F0435,I0497,train
L0435,F0436,I0498,train
L0437,F0437,I0500,train
L0439,F0438,I0502,train
L0440,F0439,I0503,train
L0441,F0440,I0504,val
L0442,F0441,I0505,train
L0443,F0442,I0506,train
L0444,F0444,I0508,train
L0445,F0445,I0509,val
L0449,F0446,I0513,test
L0450,F0447,I0514,val
L0451,F0448,I0515,val
L0452,F0449,I0516,train
L0453,F0450,I0517,test
L0454,F0451,I0518,train
L0455,F0452,I0519,train
L0456,F0455,I0522,train
L0457,F0456,I0523,train
L0458,F0458,I0525,train
L0459,F0459,I0526,train
L0460,F0460,I0527,train
L0461,F0461,I0528,train
L0462,F0462,I0529,val
L0463,F0463,I0530,val
L0464,F0464,I0531,train
L0466,F0466,I0534,train
L0467,F0467,I0535,train
L0468,F0468,I0536,train
L0470,F0469,I0538,test
L0471,F0470,I0539,val
L0472,F0471,I0540,train
L0473,F0472,I0541,train
L0474,F0473,I0542,test
L0475,F0474,I0543,val
L0476,F0475,I0544,val
L0477,F0477,I0546,test
L0478,F0478,I0547,train
L0479,F0479,I0548,train
L0480,F0480,I0549,train
L0481,F0482,I0551,train
L0482,F0483,I0552,train
L0484,F0484,I0554,train
L0485,F0486,I0556,train
L0486,F0487,I0557,train
L0487,F0488,I0558,train
L0488,F0489,I0559,test
L0489,F0490,I0560,test
L0490,F0491,I0561,train
L0492,F0493,I0564,train
L0493,F0494,I0565,test
L0494,F0495,I0566,val
L0496,F0496,I0568,train
L0497,F0497,I0569,train
L0498,F0498,I0570,test
L0499,F0499,I0571,train
L0500,F0500,I0572,train
L0501,F0501,I0573,train
L0502,F0503,I0575,val
L0504,F0504,I0577,train
L0505,F0506,I0579,test
L0506,F0507,I0580,train
L0507,F0509,I0582,train
L0508,F0511,I0584,train
L0509,F0512,I0585,val
L0510,F0513,I0586,train
L0511,F0514,I0587,train
L0512,F0515,I0588,val
L0513,F0516,I0589,train
L0514,F0517,I0590,train
L0515,F0519,I0592,train
L0516,F0520,I0593,train
L0517,F0521,I0594,train
L0519,F0522,I0596,train
L0520,F0523,I0597,train
L0522,F0524,I0599,train
L0523,F0525,I0600,val
L0524,F0526,I0601,train
L0525,F0527,I0602,train
L0526,F0528,I0603,val
L0527,F0529,I0604,val
L0528,F0530,I0605,val
L0529,F0531,I0606,train
L0530,F0532,I0607,train
L0533,F0533,I0610,test
L0534,F0534,I0611,test
L0535,F0535,I0612,test
L0536,F0536,I0613,test
L0537,F0537,I0614,test
L0538,F0538,I0615,test
L0539,F0540,I0617,test
L0540,F0541,I0618,train
L0541,F0542,I0619,train
L0544,F0544,I0623,val
L0545,F0546,I0625,val
L0546,F0548,I0627,train
L0547,F0549,I0628,train
L0548,F0550,I0629,train
L0549,F0551,I0630,train
L0550,F0552,I0631,train
L0551,F0553,I0632,train
L0552,F0554,I0633,test
L0553,F0556,I0635,train
L0554,F0557,I0636,train
L0555,F0558,I0637,val
L0556,F0559,I0638,val
L0557,F0560,I0639,train
L0559,F0561,I0641,train
L0560,F0562,I0642,train
L0561,F0563,I0643,train
L0562,F0565,I0645,train
L0563,F0567,I0647,test
L0564,F0568,I0648,train
L0565,F0569,I0649,train
L0566,F0570,I0650,train
L0567,F0571,I0651,train
L0568,F0572,I0652,train
L0569,F0573,I0653,val
L0570,F0574,I0654,train
L0572,F0575,I0656,train
L0573,F0576,I0657,train
L0574,F0577,I0658,train
L0575,F0578,I0659,train
L0576,F0579,I0660,train
L0577,F0580,I0661,train
L0578,F0581,I0662,test
L0579,F0582,I0663,train
L0580,F0583,I0664,train
L0581,F0584,I0665,train
L0582,F0585,I0666,val
L0583,F0586,I0667,train
L0584,F0587,I0668,train
L0585,F0588,I0669,train
L0586,F0589,I0670,train
L0587,F0590,I0671,test
L0588,F0591,I0672,train
L0589,F0592,I0673,test
L0590,F0593,I0674,train
L0591,F0595,I0676,train
L0592,F0596,I0677,train
L0593,F0597,I0678,train
L0594,F0598,I0679,train
L0595,F0599,I0680,train
L0596,F0600,I0681,val
L0598,F0601,I0683,train
L0599,F0602,I0684,train
L0600,F0603,I0685,train
L0601,F0604,I0686,train
L0602,F0605,I0687,train
L0605,F0606,I0690,val
L0606,F0607,I0691,train
L0607,F0608,I0692,train
L0608,F0609,I0693,train
L0609,F0610,I0694,train
L0610,F0611,I0695,train
L0611,F0614,I0698,train
L0612,F0615,I0699,train
L0614,F0616,I0701,train
L0615,F0617,I0702,train
L0616,F0618,I0703,train
L0618,F0619,I0705,train
L0619,F0620,I0706,val
L0620,F0621,I0707,test
L0623,F0622,I0710,train
L0624,F0623,I0711,train
L0625,F0624,I0712,val
L0626,F0625,I0713,train
L0627,F0626,I0714,test
L0628,F0628,I0716,train
L0629,F0630,I0718,train
L0630,F0631,I0719,train
L0631,F0632,I0720,train
L0632,F0633,I0721,train
L0633,F0634,I0722,test
L0634,F0635,I0723,train
L0635,F0637,I0725,train
L0636,F0638,I0726,test
L0637,F0639,I0727,train
L0638,F0640,I0728,val
L0639,F0641,I0729,val
L0640,F0642,I0730,train
L0641,F0643,I0731,train
L0642,F0644,I0732,train
L0643,F0645,I0733,test
L0644,F0646,I0734,train
L0645,F0647,I0735,train
L0647,F0648,I0737,test
L0648,F0650,I0739,train
L0649,F0651,I0740,train
L0650,F0652,I0741,train
L0652,F0653,I0743,val
L0653,F0654,I0744,train
L0654,F0655,I0745,train
L0655,F0656,I0746,train
L0656,F0657,I0747,train
L0657,F0658,I0748,test
L0658,F0659,I0749,train
L0659,F0660,I0750,test
L0660,F0661,I0751,test
L0662,F0662,I0753,train
L0663,F0663,I0754,train
L0664,F0664,I0755,train
L0665,F0665,I0756,train
L0666,F0666,I0757,train
L0667,F0667,I0758,train
L0668,F0669,I0760,train
L0669,F0670,I0761,test
L0670,F0671,I0762,train
L0671,F0672,I0763,train
L0672,F0673,I0764,train
L0673,F0674,I0765,train
L0674,F0675,I0766,train
L0675,F0676,I0767,train
L0676,F0677,I0768,train
L0677,F0679,I0770,train
L0678,F0680,I0771,train
L0679,F0681,I0772,train
L0680,F0682,I0773,val
L0681,F0684,I0775,train
L0682,F0685,I0776,train
L0684,F0686,I0778,train
L0685,F0687,I0779,val
L0686,F0688,I0780,train
L0687,F0689,I0781,train
L0688,F0690,I0782,train
L0689,F0691,I0783,train
L0690,F0693,I0785,train
L0691,F0694,I0786,train
L0692,F0695,I0787,test
L0693,F0696,I0788,test
L0694,F0697,I0789,train
L0695,F0698,I0790,test
L0696,F0699,I0791,val
L0697,F0700,I0792,test
L0698,F0701,I0793,train
L0699,F0703,I0795,train
L0700,F0704,I0796,train
L0701,F0705,I0797,train
L0702,F0706,I0798,train
L0703,F0707,I0799,train
L0704,F0708,I0800,train
L0707,F0711,I0805,test
L0708,F0712,I0806,train
L0709,F0713,I0807,train
L0710,F0715,I0809,train
L0711,F0716,I0810,train
L0712,F0717,I0811,train
L0717,F0718,I0816,train
L0718,F0719,I0817,train
L0719,F0720,I0818,train
L0720,F0721,I0819,train
L0721,F0722,I0820,train
L0722,F0723,I0821,val
L0724,F0724,I0823,test
L0725,F0725,I0824,train
L0726,F0726,I0825,train
L0728,F0727,I0827,train
L0729,F0728,I0828,train
L0730,F0729,I0829,train
L0731,F0730,I0830,train
L0732,F0731,I0831,test
L0733,F0732,I0832,val
L0734,F0733,I0833,train
L0735,F0734,I0834,train
L0737,F0735,I0836,train
L0738,F0736,I0837,train
L0739,F0737,I0838,train
L0740,F0738,I0839,train
L0742,F0739,I0841,train
L0744,F0740,I0843,train
L0745,F0741,I0844,train
L0746,F0742,I0845,train
L0747,F0743,I0846,train
L0749,F0744,I0848,train
L0750,F0745,I0849,train
L0754,F0747,I0854,train
L0756,F0748,I0856,train
L0757,F0750,I0858,train
L0758,F0752,I0860,train
L0759,F0755,I0863,val
L0760,F0756,I0864,val
L0761,F0759,I0867,train
L0762,F0760,I0868,train
L0763,F0761,I0869,test
L0764,F0762,I0870,test
L0765,F0763,I0871,train
L0766,F0764,I0872,train
L0767,F0765,I0873,train
L0768,F0766,I0874,train
L0770,F0767,I0876,val
L0772,F0769,I0879,train
